keyword,cluster,role,intent,difficulty,review_hours,monthly_volume,status,url,memo
事業会社 から コンサル 転職,事業会社からコンサル,pillar,2,中,2,,未着手,,まとめ記事。Snow-weの中心テーマ
事業会社 コンサル 転職 難易度,事業会社からコンサル,child,2,低,1,,未着手,,
コンサル 転職 未経験 30代,事業会社からコンサル,child,2,中,1,,未着手,,
コンサル 転職 未経験 40代,事業会社からコンサル,child,3,低,1,,未着手,,40代未経験は競合が少ない
30代 未経験 コンサル 年収,事業会社からコンサル,child,2,低,1,,未着手,,
コンサル 転職 後悔 事業会社,事業会社からコンサル,child,1,低,1,,未着手,,
コンサル 転職 未経験 志望動機,事業会社からコンサル,child,2,中,1,,未着手,,
コンサル 未経験 職務経歴書,事業会社からコンサル,child,3,低,1,,未着手,,
メーカー から コンサル 転職,業界別,pillar,3,低,2,,未着手,,転職事例が最も多い業界
自動車メーカー から コンサル,業界別,child,3,低,1,,未着手,,トヨタ・日産の事例あり
製造業 から コンサル 転職,業界別,child,3,低,1,,未着手,,
銀行 から コンサル 転職,業界別,child,3,低,1,,未着手,,みずほ銀行の事例あり
メガバンク から コンサル,業界別,child,3,低,1,,未着手,,
商社 から コンサル 転職,業界別,child,3,低,1,,未着手,,
広告代理店 から コンサル 転職,業界別,child,3,低,1,,未着手,,電通の事例あり
SIer から コンサル 転職,業界別,child,3,中,1,,未着手,,
GAFA から コンサル 転職,業界別,child,2,低,1,,未着手,,Googleの事例あり
ベイカレント 中途 未経験,ファーム別,pillar,3,中,2,,未着手,,紹介実績が多いファーム
ベイカレント 中途 面接,ファーム別,child,3,中,1,,未着手,,
アクセンチュア 中途 未経験,ファーム別,child,3,高,1,,未着手,,
アクセンチュア 中途 面接,ファーム別,child,3,高,1,,未着手,,
デロイト トーマツ コンサルティング 中途 面接,ファーム別,child,3,中,1,,未着手,,
PwC コンサルティング 中途 未経験,ファーム別,child,3,中,1,,未着手,,
KPMG コンサルティング 中途 面接,ファーム別,child,3,低,1,,未着手,,
EY ストラテジー アンド コンサルティング 中途,ファーム別,child,3,低,1,,未着手,,
フューチャー 中途 採用 コンサル,ファーム別,child,3,低,1,,未着手,,
ローランド・ベルガー 中途 採用,ファーム別,child,3,低,1,,未着手,,
Dirbato 中途 評判,ファーム別,child,3,低,1,,未着手,,
ノースサンド 中途 評判,ファーム別,child,3,低,1,,未着手,,
コンサル 中途 面接 対策,選考対策,pillar,3,中,2,,未着手,,
コンサル 中途 ケース面接 対策,選考対策,child,2,高,1,,未着手,,新卒向け記事と競合する
コンサル 面接 逆質問 中途,選考対策,child,2,低,1,,未着手,,
フェルミ推定 中途 コンサル,選考対策,child,1,高,1,,未着手,,
コンサル 転職 面接 落ちる 理由,選考対策,child,2,低,1,,未着手,,
コンサル 年収 中途 30代,年収・キャリア,pillar,2,高,2,,未着手,,
コンサル 転職 年収 1000万,年収・キャリア,child,2,中,1,,未着手,,
コンサル 転職 年収 下がる,年収・キャリア,child,2,低,1,,未着手,,
コンサル 転職 年収交渉,年収・キャリア,child,3,低,1,,未着手,,
コンサル マネージャー 中途 未経験,年収・キャリア,child,3,低,1,,未着手,,40代向け
コンサル 転職 エージェント 30代,エージェント,pillar,3,高,2,,未着手,,比較メディアが強い
コンサル 転職 エージェント 40代,エージェント,child,3,中,1,,未着手,,
コンサル 転職 エージェント 事業会社,エージェント,child,3,低,1,,未着手,,
ハイクラス 転職 コンサル 未経験,エージェント,child,3,中,1,,未着手,,
